experiment,tech,arm,slots,task_samples,available,good_passed,good_denominator,bad_passed,bad_denominator,illegal_passed,illegal_denominator,effective_pairs,geometry_valid,inputs_ok,target_ok,branch_ok,globally_clean,other_hit_slots,sources
semantic_matrix01,sky130,template,36,12,36,12,12,12,12,12,12,12,24,24,24,24,4,17,"{""template"": 36}"
semantic_matrix01,sky130,raw_model,36,12,36,0,12,2,12,11,12,0,10,3,13,21,0,10,"{""model"": 36}"
semantic_matrix01,sky130,hybrid,36,12,36,12,12,12,12,12,12,12,24,24,24,24,5,17,"{""template_repair"": 25, ""model"": 11}"
semantic_matrix01,sky130,no_repair,36,12,36,0,12,2,12,11,12,0,10,3,13,21,0,10,"{""model"": 36}"
semantic_matrix01,sky130,no_fallback,36,12,36,12,12,12,12,12,12,12,24,24,24,24,5,17,"{""template_repair"": 25, ""model"": 11}"
semantic_matrix01,ihp_sg13g2,template,36,12,36,12,12,12,12,12,12,12,24,24,24,24,12,3,"{""template"": 36}"
semantic_matrix01,ihp_sg13g2,raw_model,36,12,36,0,12,1,12,11,12,0,10,4,12,19,3,3,"{""model"": 36}"
semantic_matrix01,ihp_sg13g2,hybrid,36,12,36,12,12,12,12,12,12,12,24,24,24,24,12,3,"{""template_repair"": 25, ""model"": 11}"
semantic_matrix01,ihp_sg13g2,no_repair,36,12,36,0,12,1,12,11,12,0,10,4,12,19,3,3,"{""model"": 36}"
semantic_matrix01,ihp_sg13g2,no_fallback,36,12,36,12,12,12,12,12,12,12,24,24,24,24,12,3,"{""template_repair"": 25, ""model"": 11}"
tiny_matrix01,sky130,template,36,12,36,12,12,12,12,12,12,12,24,24,24,24,4,17,"{""template"": 36}"
tiny_matrix01,sky130,raw_model,36,12,0,0,12,0,12,0,12,0,0,0,0,0,0,0,"{""missing"": 36}"
tiny_matrix01,sky130,hybrid,36,12,36,12,12,12,12,12,12,12,24,24,24,24,4,18,"{""template_fallback"": 20, ""template_repair"": 16}"
tiny_matrix01,sky130,no_repair,36,12,36,12,12,12,12,12,12,12,24,24,24,24,4,17,"{""template_fallback"": 36}"
tiny_matrix01,sky130,no_fallback,36,12,0,0,12,0,12,0,12,0,0,0,0,0,0,0,"{""missing"": 36}"
tiny_matrix01,ihp_sg13g2,template,36,12,36,12,12,12,12,12,12,12,24,24,24,24,12,3,"{""template"": 36}"
tiny_matrix01,ihp_sg13g2,raw_model,36,12,0,0,12,0,12,0,12,0,0,0,0,0,0,0,"{""missing"": 36}"
tiny_matrix01,ihp_sg13g2,hybrid,36,12,36,12,12,12,12,12,12,12,24,24,24,24,12,3,"{""template_fallback"": 36}"
tiny_matrix01,ihp_sg13g2,no_repair,36,12,36,12,12,12,12,12,12,12,24,24,24,24,12,3,"{""template_fallback"": 36}"
tiny_matrix01,ihp_sg13g2,no_fallback,36,12,0,0,12,0,12,0,12,0,0,0,0,0,0,0,"{""missing"": 36}"
semantic_assist01,sky130,template,36,12,36,12,12,12,12,12,12,12,24,24,24,24,4,17,"{""template"": 36}"
semantic_assist01,sky130,raw_model,36,12,36,0,12,5,12,1,12,0,35,10,12,12,0,35,"{""model"": 36}"
semantic_assist01,sky130,hybrid,36,12,36,12,12,12,12,12,12,12,24,24,24,24,5,17,"{""template_repair"": 35, ""model"": 1}"
semantic_assist01,sky130,no_repair,36,12,36,0,12,5,12,1,12,0,35,10,12,12,0,35,"{""model"": 36}"
semantic_assist01,sky130,no_fallback,36,12,36,12,12,12,12,12,12,12,24,24,24,24,5,17,"{""template_repair"": 35, ""model"": 1}"
semantic_assist01,ihp_sg13g2,template,36,12,36,12,12,12,12,12,12,12,24,24,24,24,12,3,"{""template"": 36}"
semantic_assist01,ihp_sg13g2,raw_model,36,12,36,0,12,3,12,0,12,0,36,6,12,12,2,24,"{""model"": 36}"
semantic_assist01,ihp_sg13g2,hybrid,36,12,36,12,12,12,12,12,12,12,24,24,24,24,12,3,"{""template_repair"": 36}"
semantic_assist01,ihp_sg13g2,no_repair,36,12,36,0,12,3,12,0,12,0,36,6,12,12,2,24,"{""model"": 36}"
semantic_assist01,ihp_sg13g2,no_fallback,36,12,36,12,12,12,12,12,12,12,24,24,24,24,12,3,"{""template_repair"": 36}"
unprimed02,sky130,template,36,12,36,12,12,12,12,12,12,12,24,24,24,24,4,17,"{""template"": 36}"
unprimed02,sky130,raw_model,36,12,36,0,12,2,12,12,12,0,8,3,13,21,0,8,"{""model"": 36}"
unprimed02,sky130,hybrid,36,12,36,12,12,12,12,12,12,12,24,24,24,24,5,17,"{""template_repair"": 24, ""model"": 12}"
unprimed02,sky130,no_repair,36,12,36,0,12,2,12,12,12,0,8,3,13,21,0,8,"{""model"": 36}"
unprimed02,sky130,no_fallback,36,12,36,12,12,12,12,12,12,12,24,24,24,24,5,17,"{""template_repair"": 24, ""model"": 12}"
unprimed02,ihp_sg13g2,template,36,12,36,12,12,12,12,12,12,12,24,24,24,24,12,3,"{""template"": 36}"
unprimed02,ihp_sg13g2,raw_model,36,12,36,0,12,1,12,10,12,0,8,3,10,20,2,2,"{""model"": 36}"
unprimed02,ihp_sg13g2,hybrid,36,12,36,12,12,12,12,12,12,12,24,24,24,24,12,3,"{""template_repair"": 26, ""model"": 10}"
unprimed02,ihp_sg13g2,no_repair,36,12,36,0,12,1,12,10,12,0,8,3,10,20,2,2,"{""model"": 36}"
unprimed02,ihp_sg13g2,no_fallback,36,12,36,12,12,12,12,12,12,12,24,24,24,24,12,3,"{""template_repair"": 26, ""model"": 10}"
