experiment,model,semantic_profile,split,tech,parser,slots,task_samples,available,good_passed,good_denominator,bad_passed,bad_denominator,illegal_passed,illegal_denominator,effective_pairs,geometry_valid,inputs_ok,target_ok,branch_ok,globally_clean,other_hit_slots,sources
semantic_matrix01,Qwen3-1.7B,description,known,sky130,strict,18,6,18,0,6,0,6,5,6,0,7,2,4,8,0,7,"{""model"": 18}"
semantic_matrix01,Qwen3-1.7B,description,known,sky130,permissive,18,6,18,0,6,0,6,5,6,0,7,2,4,8,0,7,"{""model"": 18}"
semantic_matrix01,Qwen3-1.7B,expression,known,sky130,strict,18,6,18,0,6,1,6,6,6,0,6,2,6,9,0,6,"{""model"": 18}"
semantic_matrix01,Qwen3-1.7B,expression,known,sky130,permissive,18,6,18,0,6,1,6,6,6,0,6,2,6,9,0,6,"{""model"": 18}"
semantic_matrix01,Qwen3-1.7B,context,known,sky130,strict,18,6,18,0,6,1,6,6,6,0,6,3,5,9,0,6,"{""model"": 18}"
semantic_matrix01,Qwen3-1.7B,context,known,sky130,permissive,18,6,18,0,6,1,6,6,6,0,6,3,5,9,0,6,"{""model"": 18}"
semantic_matrix01,Qwen3-1.7B,full,known,sky130,strict,18,6,18,0,6,1,6,6,6,0,5,1,7,11,0,5,"{""model"": 18}"
semantic_matrix01,Qwen3-1.7B,full,known,sky130,permissive,18,6,18,0,6,1,6,6,6,0,5,1,7,11,0,5,"{""model"": 18}"
semantic_matrix01,Qwen3-1.7B,full,holdout,sky130,strict,54,18,54,0,18,3,18,15,18,0,16,6,18,29,0,16,"{""model"": 54}"
semantic_matrix01,Qwen3-1.7B,full,holdout,sky130,permissive,54,18,54,0,18,3,18,15,18,0,16,6,18,29,0,16,"{""model"": 54}"
semantic_matrix01,Qwen3-1.7B,description,known,ihp_sg13g2,strict,18,6,18,0,6,0,6,5,6,0,5,1,5,10,3,0,"{""model"": 18}"
semantic_matrix01,Qwen3-1.7B,description,known,ihp_sg13g2,permissive,18,6,18,0,6,0,6,5,6,0,5,1,5,10,3,0,"{""model"": 18}"
semantic_matrix01,Qwen3-1.7B,expression,known,ihp_sg13g2,strict,18,6,18,0,6,0,6,5,6,0,8,2,5,8,5,1,"{""model"": 18}"
semantic_matrix01,Qwen3-1.7B,expression,known,ihp_sg13g2,permissive,18,6,18,0,6,0,6,5,6,0,8,2,5,8,5,1,"{""model"": 18}"
semantic_matrix01,Qwen3-1.7B,context,known,ihp_sg13g2,strict,18,6,18,0,6,0,6,4,6,0,10,2,5,8,4,3,"{""model"": 18}"
semantic_matrix01,Qwen3-1.7B,context,known,ihp_sg13g2,permissive,18,6,18,0,6,0,6,4,6,0,10,2,5,8,4,3,"{""model"": 18}"
semantic_matrix01,Qwen3-1.7B,full,known,ihp_sg13g2,strict,18,6,18,0,6,0,6,6,6,0,5,2,6,9,3,1,"{""model"": 18}"
semantic_matrix01,Qwen3-1.7B,full,known,ihp_sg13g2,permissive,18,6,18,0,6,0,6,6,6,0,5,2,6,9,3,1,"{""model"": 18}"
semantic_matrix01,Qwen3-1.7B,full,holdout,ihp_sg13g2,strict,54,18,54,0,18,3,18,15,18,0,14,6,18,30,0,5,"{""model"": 54}"
semantic_matrix01,Qwen3-1.7B,full,holdout,ihp_sg13g2,permissive,54,18,54,0,18,3,18,15,18,0,14,6,18,30,0,5,"{""model"": 54}"
tiny_matrix01,TinyLlama-1.1B-Chat-v1.0,full,known,sky130,strict,18,6,0,0,6,0,6,0,6,0,0,0,0,0,0,0,"{""model"": 18}"
tiny_matrix01,TinyLlama-1.1B-Chat-v1.0,full,known,sky130,permissive,18,6,16,0,6,0,6,4,6,0,0,0,6,12,0,0,"{""model"": 18}"
tiny_matrix01,TinyLlama-1.1B-Chat-v1.0,full,holdout,sky130,strict,18,6,0,0,6,0,6,0,6,0,0,0,0,0,0,0,"{""model"": 18}"
tiny_matrix01,TinyLlama-1.1B-Chat-v1.0,full,holdout,sky130,permissive,18,6,16,1,6,0,6,3,6,0,3,2,6,11,2,0,"{""model"": 18}"
tiny_matrix01,TinyLlama-1.1B-Chat-v1.0,full,known,ihp_sg13g2,strict,18,6,0,0,6,0,6,0,6,0,0,0,0,0,0,0,"{""model"": 18}"
tiny_matrix01,TinyLlama-1.1B-Chat-v1.0,full,known,ihp_sg13g2,permissive,18,6,18,1,6,0,6,1,6,0,13,3,6,7,6,3,"{""model"": 18}"
tiny_matrix01,TinyLlama-1.1B-Chat-v1.0,full,holdout,ihp_sg13g2,strict,18,6,0,0,6,0,6,0,6,0,0,0,0,0,0,0,"{""model"": 18}"
tiny_matrix01,TinyLlama-1.1B-Chat-v1.0,full,holdout,ihp_sg13g2,permissive,18,6,18,1,6,0,6,3,6,0,10,2,6,7,7,0,"{""model"": 18}"
semantic_assist01,Qwen3-1.7B,full_with_verified_nm_facts,known,sky130,strict,72,24,72,0,24,7,24,3,24,0,68,15,23,24,0,68,"{""model"": 72}"
semantic_assist01,Qwen3-1.7B,full_with_verified_nm_facts,known,sky130,permissive,72,24,72,0,24,7,24,3,24,0,68,15,23,24,0,68,"{""model"": 72}"
semantic_assist01,Qwen3-1.7B,full_with_verified_nm_facts,holdout,sky130,strict,72,24,72,0,24,12,24,0,24,0,72,24,24,24,0,72,"{""model"": 72}"
semantic_assist01,Qwen3-1.7B,full_with_verified_nm_facts,holdout,sky130,permissive,72,24,72,0,24,12,24,0,24,0,72,24,24,24,0,72,"{""model"": 72}"
semantic_assist01,Qwen3-1.7B,full_with_verified_nm_facts,known,ihp_sg13g2,strict,72,24,72,0,24,8,24,0,24,0,72,16,24,24,8,36,"{""model"": 72}"
semantic_assist01,Qwen3-1.7B,full_with_verified_nm_facts,known,ihp_sg13g2,permissive,72,24,72,0,24,8,24,0,24,0,72,16,24,24,8,36,"{""model"": 72}"
semantic_assist01,Qwen3-1.7B,full_with_verified_nm_facts,holdout,ihp_sg13g2,strict,72,24,72,0,24,4,24,1,24,0,71,8,24,24,0,60,"{""model"": 72}"
semantic_assist01,Qwen3-1.7B,full_with_verified_nm_facts,holdout,ihp_sg13g2,permissive,72,24,72,0,24,4,24,1,24,0,71,8,24,24,0,60,"{""model"": 72}"
unprimed02,Qwen3-1.7B,full,known,sky130,strict,18,6,18,0,6,1,6,6,6,0,4,1,7,11,0,4,"{""model"": 18}"
unprimed02,Qwen3-1.7B,full,known,sky130,permissive,18,6,18,0,6,1,6,6,6,0,4,1,7,11,0,4,"{""model"": 18}"
unprimed02,Qwen3-1.7B,full,holdout,sky130,strict,18,6,18,0,6,1,6,6,6,0,4,2,6,10,0,4,"{""model"": 18}"
unprimed02,Qwen3-1.7B,full,holdout,sky130,permissive,18,6,18,0,6,1,6,6,6,0,4,2,6,10,0,4,"{""model"": 18}"
unprimed02,Qwen3-1.7B,full,known,ihp_sg13g2,strict,18,6,18,0,6,0,6,5,6,0,5,1,4,9,2,2,"{""model"": 18}"
unprimed02,Qwen3-1.7B,full,known,ihp_sg13g2,permissive,18,6,18,0,6,0,6,5,6,0,5,1,4,9,2,2,"{""model"": 18}"
unprimed02,Qwen3-1.7B,full,holdout,ihp_sg13g2,strict,18,6,18,0,6,1,6,5,6,0,3,2,6,11,0,0,"{""model"": 18}"
unprimed02,Qwen3-1.7B,full,holdout,ihp_sg13g2,permissive,18,6,18,0,6,1,6,5,6,0,3,2,6,11,0,0,"{""model"": 18}"
reasoning_preflight01,Qwen3-1.7B,reasoning_preflight01,known,sky130,strict,2,1,1,0,1,1,1,0,0,0,1,1,1,1,0,1,"{""model"": 2}"
reasoning_preflight01,Qwen3-1.7B,reasoning_preflight01,known,sky130,permissive,2,1,1,0,1,1,1,0,0,0,1,1,1,1,0,1,"{""model"": 2}"
reasoning_preflight01,Qwen3-1.7B,reasoning_preflight01,known,ihp_sg13g2,strict,4,2,3,1,2,1,2,0,0,0,3,3,2,2,2,0,"{""model"": 4}"
reasoning_preflight01,Qwen3-1.7B,reasoning_preflight01,known,ihp_sg13g2,permissive,4,2,3,1,2,1,2,0,0,0,3,3,2,2,2,0,"{""model"": 4}"
reasoning_preflight02,Qwen3-1.7B,reasoning_preflight02,known,sky130,strict,2,1,1,0,1,0,1,0,0,0,1,1,0,0,0,1,"{""model"": 2}"
reasoning_preflight02,Qwen3-1.7B,reasoning_preflight02,known,sky130,permissive,2,1,1,0,1,0,1,0,0,0,1,1,0,0,0,1,"{""model"": 2}"
reasoning_preflight02,Qwen3-1.7B,reasoning_preflight02,known,ihp_sg13g2,strict,4,2,4,1,2,1,2,0,0,0,3,3,2,3,1,0,"{""model"": 4}"
reasoning_preflight02,Qwen3-1.7B,reasoning_preflight02,known,ihp_sg13g2,permissive,4,2,4,1,2,1,2,0,0,0,3,3,2,3,1,0,"{""model"": 4}"
