profile,tech_name,arm,tasks,intent_slots,parsed_returns,strict_returns,call_denominator,available,missing,legal,legal_denominator,inputs_ok,good_valid,bad_valid,valid_pairs,illegal_rejected,other_hit_slots,sources,shared_profile_call_seconds,shared_profile_new_tokens,primary_parser
legacy,sky130,template,7,21,,,0,21,0,14,14,14,7,7,7,7,8,"{""template"": 21}",0,0,"strict top-level JSON, integer coords, no layer fallback"
legacy,sky130,raw_model,7,21,35,14,49,10,11,9,14,4,1,1,0,0,7,"{""model"": 10, ""missing"": 11}",285.42542819802475,9071,"strict top-level JSON, integer coords, no layer fallback"
legacy,sky130,hybrid,7,21,35,14,49,21,0,14,14,14,7,7,7,7,9,"{""template_repair"": 13, ""template_fallback"": 7, ""model"": 1}",285.42542819802475,9071,"strict top-level JSON, integer coords, no layer fallback"
legacy,sky130,no_repair,7,21,35,14,49,21,0,14,14,9,4,3,2,6,10,"{""model"": 10, ""template_fallback"": 11}",285.42542819802475,9071,"strict top-level JSON, integer coords, no layer fallback"
legacy,sky130,no_fallback,7,21,35,14,49,10,11,9,14,9,4,5,4,1,6,"{""template_repair"": 9, ""missing"": 11, ""model"": 1}",285.42542819802475,9071,"strict top-level JSON, integer coords, no layer fallback"
legacy,ihp_sg13g2,template,7,21,,,0,21,0,14,14,14,7,7,7,7,1,"{""template"": 21}",0,0,"strict top-level JSON, integer coords, no layer fallback"
legacy,ihp_sg13g2,raw_model,7,21,11,0,49,0,21,0,14,0,0,0,0,0,0,"{""missing"": 21}",384.86121588398237,12544,"strict top-level JSON, integer coords, no layer fallback"
legacy,ihp_sg13g2,hybrid,7,21,11,0,49,21,0,14,14,14,7,7,7,7,1,"{""template_fallback"": 21}",384.86121588398237,12544,"strict top-level JSON, integer coords, no layer fallback"
legacy,ihp_sg13g2,no_repair,7,21,11,0,49,21,0,14,14,14,7,7,7,7,1,"{""template_fallback"": 21}",384.86121588398237,12544,"strict top-level JSON, integer coords, no layer fallback"
legacy,ihp_sg13g2,no_fallback,7,21,11,0,49,0,21,0,14,0,0,0,0,0,0,"{""missing"": 21}",384.86121588398237,12544,"strict top-level JSON, integer coords, no layer fallback"
compact,sky130,template,7,21,,,0,21,0,14,14,14,7,7,7,7,8,"{""template"": 21}",0,0,"strict top-level JSON, integer coords, no layer fallback"
compact,sky130,raw_model,7,21,6,0,49,0,21,0,14,0,0,0,0,0,0,"{""missing"": 21}",249.86980159600353,7992,"strict top-level JSON, integer coords, no layer fallback"
compact,sky130,hybrid,7,21,6,0,49,21,0,14,14,14,7,7,7,7,9,"{""template_repair"": 11, ""template_fallback"": 10}",249.86980159600353,7992,"strict top-level JSON, integer coords, no layer fallback"
compact,sky130,no_repair,7,21,6,0,49,21,0,14,14,14,7,7,7,7,8,"{""template_fallback"": 21}",249.86980159600353,7992,"strict top-level JSON, integer coords, no layer fallback"
compact,sky130,no_fallback,7,21,6,0,49,0,21,0,14,0,0,0,0,0,0,"{""missing"": 21}",249.86980159600353,7992,"strict top-level JSON, integer coords, no layer fallback"
compact,ihp_sg13g2,template,7,21,,,0,21,0,14,14,14,7,7,7,7,1,"{""template"": 21}",0,0,"strict top-level JSON, integer coords, no layer fallback"
compact,ihp_sg13g2,raw_model,7,21,0,0,49,0,21,0,14,0,0,0,0,0,0,"{""missing"": 21}",86.77801695199014,2863,"strict top-level JSON, integer coords, no layer fallback"
compact,ihp_sg13g2,hybrid,7,21,0,0,49,21,0,14,14,14,7,7,7,7,1,"{""template_fallback"": 21}",86.77801695199014,2863,"strict top-level JSON, integer coords, no layer fallback"
compact,ihp_sg13g2,no_repair,7,21,0,0,49,21,0,14,14,14,7,7,7,7,1,"{""template_fallback"": 21}",86.77801695199014,2863,"strict top-level JSON, integer coords, no layer fallback"
compact,ihp_sg13g2,no_fallback,7,21,0,0,49,0,21,0,14,0,0,0,0,0,0,"{""missing"": 21}",86.77801695199014,2863,"strict top-level JSON, integer coords, no layer fallback"
chat,sky130,template,7,21,,,0,21,0,14,14,14,7,7,7,7,8,"{""template"": 21}",0,0,"strict top-level JSON, integer coords, no layer fallback"
chat,sky130,raw_model,7,21,0,0,49,0,21,0,14,0,0,0,0,0,0,"{""missing"": 21}",383.4122874179884,12544,"strict top-level JSON, integer coords, no layer fallback"
chat,sky130,hybrid,7,21,0,0,49,21,0,14,14,14,7,7,7,7,9,"{""template_repair"": 11, ""template_fallback"": 10}",383.4122874179884,12544,"strict top-level JSON, integer coords, no layer fallback"
chat,sky130,no_repair,7,21,0,0,49,21,0,14,14,14,7,7,7,7,8,"{""template_fallback"": 21}",383.4122874179884,12544,"strict top-level JSON, integer coords, no layer fallback"
chat,sky130,no_fallback,7,21,0,0,49,0,21,0,14,0,0,0,0,0,0,"{""missing"": 21}",383.4122874179884,12544,"strict top-level JSON, integer coords, no layer fallback"
chat,ihp_sg13g2,template,7,21,,,0,21,0,14,14,14,7,7,7,7,1,"{""template"": 21}",0,0,"strict top-level JSON, integer coords, no layer fallback"
chat,ihp_sg13g2,raw_model,7,21,0,0,49,0,21,0,14,0,0,0,0,0,0,"{""missing"": 21}",386.26462709401676,12544,"strict top-level JSON, integer coords, no layer fallback"
chat,ihp_sg13g2,hybrid,7,21,0,0,49,21,0,14,14,14,7,7,7,7,1,"{""template_fallback"": 21}",386.26462709401676,12544,"strict top-level JSON, integer coords, no layer fallback"
chat,ihp_sg13g2,no_repair,7,21,0,0,49,21,0,14,14,14,7,7,7,7,1,"{""template_fallback"": 21}",386.26462709401676,12544,"strict top-level JSON, integer coords, no layer fallback"
chat,ihp_sg13g2,no_fallback,7,21,0,0,49,0,21,0,14,0,0,0,0,0,0,"{""missing"": 21}",386.26462709401676,12544,"strict top-level JSON, integer coords, no layer fallback"
